antibiotic,k,n_features_actual,accuracy,auc,mcc,f1_resistant,macro_f1
CIP,100,100,0.8888888888888888,0.9629059565953516,0.779386201100966,0.881578947368421,0.8884638922888617
CIP,203,203,0.9012345679012346,0.9702170232414961,0.8042064418279872,0.8947368421052632,0.9008567931456548
CIP,415,415,0.9012345679012346,0.9752193319993844,0.8042064418279872,0.8947368421052632,0.9008567931456548
CIP,847,847,0.9197530864197531,0.9759889179621364,0.8405316442515028,0.9139072847682119,0.9193813880488458
CIP,1728,1728,0.9320987654320988,0.9770663383099892,0.8653613536549937,0.9271523178807947,0.9317842514259465
CIP,3524,3524,0.9506172839506173,0.9802985993535478,0.9007853721614059,0.9459459459459459,0.9502457002457003
CIP,3886,3886,0.9506172839506173,0.9815299368939511,0.9007853721614059,0.9459459459459459,0.9502457002457003
CIP,7187,7187,0.9320987654320988,0.9796829305833461,0.8653613536549937,0.9271523178807947,0.9317842514259465
CIP,14655,14655,0.9320987654320988,0.9809142681237494,0.8653613536549937,0.9271523178807947,0.9317842514259465
CIP,29884,29884,0.9320987654320988,0.984146529167308,0.8653613536549937,0.9271523178807947,0.9317842514259465
CIP,60935,60935,0.9382716049382716,0.9853778667077113,0.8770186679443864,0.9333333333333333,0.9379310344827586
CIP,60936,60936,0.9320987654320988,0.9841465291673079,0.8653613536549937,0.9271523178807947,0.9317842514259465
CTX,100,100,0.7592592592592593,0.8131172839506173,0.524669732788055,0.7483870967741936,0.7588089330024814
CTX,203,203,0.7592592592592593,0.8307870370370372,0.5279144431457569,0.7515923566878981,0.7590297112780808
CTX,415,415,0.7345679012345679,0.8175925925925925,0.4694413398629965,0.7152317880794702,0.7333384373923362
CTX,786,786,0.7222222222222222,0.8109567901234568,0.45675013919556984,0.7169811320754716,0.7221269296740995
CTX,847,847,0.7160493827160493,0.809645061728395,0.43923322298731476,0.7051282051282052,0.7156593406593407
CTX,1728,1728,0.7407407407407407,0.8263117283950617,0.47849244336755536,0.7162162162162162,0.7387899262899262
CTX,3524,3524,0.7777777777777778,0.8665123456790123,0.5514179287860816,0.7534246575342466,0.7755887332615052
CTX,7187,7187,0.7901234567901234,0.8669753086419754,0.5763564280779144,0.7671232876712328,0.7880560258580883
CTX,14655,14655,0.7777777777777778,0.8794753086419753,0.5552570932103791,0.76,0.776551724137931
CTX,29884,29884,0.8024691358024691,0.879320987654321,0.6049816090202638,0.7866666666666666,0.8013793103448276
CTX,60935,60935,0.7962962962962963,0.875,0.593705223944378,0.7814569536423841,0.7953527542778395
CTX,60936,60936,0.8148148148148148,0.8808641975308643,0.6278484661528039,0.7972972972972973,0.813421375921376
CTZ,100,100,0.7901234567901234,0.7844519966015292,0.5320305862361937,0.6909090909090909,0.7660152931180968
CTZ,203,203,0.8024691358024691,0.7943075615972812,0.5595581988105353,0.7090909090909091,0.7797790994052676
CTZ,415,415,0.8209876543209876,0.8043330501274427,0.5960102668594728,0.7289719626168224,0.7976657048107154
CTZ,724,724,0.8209876543209876,0.8005097706032286,0.5960102668594728,0.7289719626168224,0.7976657048107154
CTZ,847,847,0.8209876543209876,0.8051826677994902,0.5960102668594728,0.7289719626168224,0.7976657048107154
CTZ,1728,1728,0.8148148148148148,0.7971962616822429,0.5836298980665894,0.7222222222222222,0.7916666666666667
CTZ,3524,3524,0.7962962962962963,0.8028037383177569,0.5368653652819985,0.6857142857142857,0.7675146771037182
CTZ,7187,7187,0.7901234567901234,0.8304163126593034,0.5320305862361937,0.6909090909090909,0.7660152931180968
CTZ,14655,14655,0.7839506172839507,0.8176720475785897,0.5161783625396561,0.6788990825688074,0.7580541924471944
CTZ,29884,29884,0.7962962962962963,0.8274426508071367,0.5478436910491522,0.7027027027027027,0.773886562618957
CTZ,60935,60935,0.808641975308642,0.827697536108751,0.5650847647549654,0.7047619047619048,0.7816046966731898
CTZ,60936,60936,0.8148148148148148,0.8392523364485981,0.5805700349990093,0.7169811320754716,0.7896832265881946
GEN,100,100,0.7283950617283951,0.7832130730050934,0.3899404830811374,0.5510204081632653,0.6781650713382699
GEN,203,203,0.7098765432098766,0.7587011884550084,0.3378711944015958,0.5154639175257731,0.6542077296879967
GEN,349,349,0.7345679012345679,0.7614601018675722,0.38527507274397976,0.5473684210526316,0.6797977476442197
GEN,415,415,0.7716049382716049,0.7723896434634974,0.4402924536955452,0.5842696629213483,0.713411427205355
GEN,847,847,0.7469135802469136,0.7763157894736842,0.3775594919552828,0.5393258426966292,0.6824288787951232
GEN,1728,1728,0.7407407407407407,0.783106960950764,0.3426680104458205,0.5116279069767442,0.667578659370725
GEN,3524,3524,0.7407407407407407,0.7769524617996605,0.304109715224636,0.475,0.6514344262295082
GEN,7187,7187,0.7407407407407407,0.7711162988115451,0.304109715224636,0.475,0.6514344262295082
GEN,14655,14655,0.7469135802469136,0.7629456706281834,0.3016210525930266,0.4675324675324675,0.6507702823492297
GEN,29884,29884,0.7530864197530864,0.7718590831918506,0.2997947798361038,0.4594594594594595,0.6497297297297298
GEN,60935,60935,0.7530864197530864,0.783955857385399,0.32490388278888827,0.48717948717948717,0.6622889305816135
GEN,60936,60936,0.7530864197530864,0.7741935483870968,0.32490388278888827,0.48717948717948717,0.6622889305816135
