cnn_weight,xgb_weight,threshold,accuracy,mcc,macro_f1,recall_resistant,auc
0.0,1.0,0.5258520245552063,0.8024691358024691,0.5595581988105353,0.7797790994052676,0.7090909090909091,0.8339847068819031
0.05,0.95,0.531401863694191,0.8024691358024691,0.5595581988105353,0.7797790994052676,0.7090909090909091,0.829481733220051
0.1,0.9,0.5763567507266998,0.808641975308642,0.5650847647549654,0.7816046966731898,0.6727272727272727,0.8271028037383178
0.15,0.85,0.5788586944341659,0.8148148148148148,0.5779254504837008,0.7875874125874126,0.6727272727272727,0.8259133389974511
0.2,0.8,0.5784498929977417,0.8148148148148148,0.5779254504837008,0.7875874125874126,0.6727272727272727,0.8235344095157179
0.25,0.75,0.5954602062702179,0.8209876543209876,0.5892450255731166,0.7914132220396928,0.6545454545454545,0.8243840271877655
0.3,0.7,0.5983094692230224,0.8209876543209876,0.5892450255731166,0.7914132220396928,0.6545454545454545,0.8233644859813085
0.35,0.65,0.601158732175827,0.8209876543209876,0.5892450255731166,0.7914132220396928,0.6545454545454545,0.8216652506372133
0.4,0.6,0.6040079951286316,0.8209876543209876,0.5892450255731166,0.7914132220396928,0.6545454545454545,0.8208156329651656
0.45,0.55,0.5758005768060684,0.8148148148148148,0.5805700349990093,0.7896832265881946,0.6909090909090909,0.8189464740866609
0.5,0.5,0.5759970843791962,0.8148148148148148,0.5805700349990093,0.7896832265881946,0.6909090909090909,0.8169073916737467
0.55,0.45,0.5869002550840379,0.8148148148148148,0.5779254504837008,0.7875874125874126,0.6727272727272727,0.8136788445199661
0.6,0.4,0.5924500942230224,0.8148148148148148,0.5779254504837008,0.7875874125874126,0.6727272727272727,0.8119796091758709
0.65,0.35,0.5979999333620072,0.8148148148148148,0.5779254504837008,0.7875874125874126,0.6727272727272727,0.8102803738317756
0.7,0.3,0.6035497725009917,0.808641975308642,0.5650847647549654,0.7816046966731898,0.6727272727272727,0.8073916737468139
0.75,0.25,0.6090996116399765,0.808641975308642,0.5650847647549654,0.7816046966731898,0.6727272727272727,0.8051826677994903
0.8,0.2,0.6146494507789612,0.808641975308642,0.5650847647549654,0.7816046966731898,0.6727272727272727,0.8033135089209856
0.85,0.15,0.6201992899179458,0.808641975308642,0.5650847647549654,0.7816046966731898,0.6727272727272727,0.7988954970263382
0.9,0.1,0.6257491290569306,0.808641975308642,0.5650847647549654,0.7816046966731898,0.6727272727272727,0.7970263381478335
0.95,0.05,0.6312989681959152,0.808641975308642,0.5650847647549654,0.7816046966731898,0.6727272727272727,0.7960067969413764
1.0,0.0,0.6368488073348999,0.808641975308642,0.5650847647549654,0.7816046966731898,0.6727272727272727,0.795836873406967
